{
  "model": "LightGCN",
  "config": {
    "batch_size": 1024,
    "learning_rate": 0.001,
    "weight_decay": 1e-05,
    "n_epochs": 50,
    "early_stopping_patience": 10,
    "eval_every": 1,
    "top_k": [
      5,
      10,
      20
    ]
  },
  "best_epoch": 20,
  "best_val_rmse": 1.3859766721725464,
  "test_rmse": 1.3886383771896362,
  "test_loss": 1.9283216441460098,
  "training_history": {
    "train_loss": [
      3.6341271020981094,
      3.1512974778317515,
      2.7496161888475004,
      2.516382729599935,
      2.385513095566945,
      2.3096896426648086,
      2.26348310181443,
      2.2324430227094556,
      2.210808296566424,
      2.193673848550512,
      2.1813361792830945,
      2.17105056715678,
      2.163143645439829,
      2.1552139890860325,
      2.14876585106672,
      2.143596710903304,
      2.1386863275529433,
      2.134383227884399,
      2.130733509704193,
      2.1272082428754486,
      2.1241784630725102,
      2.121729727765048,
      2.119071082669015,
      2.116833193516879,
      2.1148610584299017,
      2.1125776220737777,
      2.1114626624014066,
      2.1098437981205698,
      2.1082305781404425,
      2.106839277451823
    ],
    "val_loss": [
      2.876778236227146,
      2.4289632543173534,
      2.199367569220112,
      2.079802643378269,
      2.0149283017891255,
      1.978665670833072,
      1.9581487551619188,
      1.9449613181780665,
      1.9369224245483811,
      1.9314586246335828,
      1.927477747777254,
      1.9260774786407884,
      1.9236370633467743,
      1.922941542960502,
      1.9216644266857603,
      1.9211619756396674,
      1.920977723644507,
      1.9210941257624092,
      1.9217208255672087,
      1.9209451873330077,
      1.9215830555293552,
      1.9217578416625505,
      1.9217322839272988,
      1.9221532736045512,
      1.9224330297308079,
      1.9225454445511219,
      1.923289441694164,
      1.9223356177908113,
      1.92287075289428,
      1.9230627493508534
    ],
    "val_rmse": [
      1.6960989236831665,
      1.5585012435913086,
      1.4830186367034912,
      1.4421460628509521,
      1.4194773435592651,
      1.40664803981781,
      1.3993333578109741,
      1.3946177959442139,
      1.3917295932769775,
      1.389765739440918,
      1.3883302211761475,
      1.387826681137085,
      1.3869508504867554,
      1.3866984844207764,
      1.3862369060516357,
      1.3860563039779663,
      1.3859901428222656,
      1.386029839515686,
      1.3862595558166504,
      1.3859766721725464,
      1.386206865310669,
      1.386268973350525,
      1.3862603902816772,
      1.386412501335144,
      1.38651442527771,
      1.3865537643432617,
      1.3868221044540405,
      1.3864800930023193,
      1.3866703510284424,
      1.3867422342300415
    ]
  },
  "model_info": {
    "n_users": 338083,
    "n_items": 142744,
    "embedding_dim": 64,
    "n_layers": 3,
    "total_parameters": 30772928
  }
}